lastName;firstName;birthDate
Irène;Keith;22/10/1953
Ivor;Irvine;09/09/1955
Luciana;Talbot;30/10/1955
Ayman;Sosa;23/12/1959
Kairo;Walker;18/12/1960
Louie;Potter;21/04/1962
Lleyton;Bauer;23/08/1963
Beverly;Ashton;29/09/1964
Christiana;Allen;15/03/1969
Marcià;O'Ryan;28/03/1969
Ahyan;Knowles;04/04/1969
Azra;Lacey;03/12/1972
Aydin;Snider;26/02/1973
Tevin;Sutton;31/07/1973
Jôse;Snow;06/04/1984
Arla;Salas;31/05/1985
Naseem;Wood;7/08/1986
Kaisha;Gray;24/04/1988
Isla;Bridges;26/05/1988
Sania;Adams;25/11/1990
Emillie;Findlay;08/10/1992
Bridie;Hills;27/09/1993
Suleman;Hammond;03/02/1996
Lorena;Richmond;01/05/1996
Bailey;Olson;08/08/1954
Albie;Cisneros;15/10/1991
Shanelle;Coleman;14/02/1992
Jermaine;Holcomb;01/12/1993
Joseff;Robins;07/04/1996
Loki;Fischer;22/05/1996
